Party_A_Suspects,Party_B_Suspects
Dr. Kathleen Martinez,Cynthia Gregory
Cassidy Espinoza,Scott Warner
Susan Calderon,Mary Wilson
Kenneth Malone,Ronald Parker
Brandon Morales,Christopher Perez
Joseph Soto,Andrew Wilson
Tammy Richardson,Lauren Moore
Mrs. Catherine Lewis,Pamela Gonzales
Crystal White,Eddie Price
Adrienne Thompson,Jacob Price
Douglas Shaffer,Jeffrey Guerra
Sherri Washington,Jack Long
Dr. Maurice Cannon,Susan Bell
Laura Rogers,Xavier Smith MD
April Stone,Robert Fitzgerald
David Robinson,Suzanne Mason
Joseph Duran,Riley Rollins
Steven Griffith,David Pham
Mary Fuller,Hunter Glenn
Matthew Elliott,Robert Carroll
Wayne Hamilton,Angela Lynn
Patrick Harris,Steven Williams
Tonya Elliott,Alyssa Palmer
Adam Whitaker,William Howell MD
Kayla Hartman,Melanie Wiggins
Abigail Bradley,Adrienne Wheeler
Christopher Wallace,Christopher Mendez
Charles Davidson,Carrie Winters
Kimberly Santos,Mary Phillips
Lindsey Mcfarland,Mary Roberts
Henry Foster,Amber Gibson
Michael Burton,Ashlee Campbell
Philip Foley,Michael Trujillo
Joseph Zimmerman,Meghan Ramirez
Sandra Rose,Shannon Hall
Jaclyn Kane,Geoffrey Montoya
Jason Rodriguez,Benjamin Williams MD
Heather Davis,Derek Robbins
John Lambert,Kevin Wilson
Melissa Baker,Brian Navarro
Mark Mendoza,Rodney Lee
Barbara Christensen,Ashley Johnson
Matthew Patel,Laura Clark
Barbara Jones,Chad Perkins
Kristen Martin,Mitchell Johnson
Steven Fisher,Timothy Moon
Sandra Finley,Carrie Oliver
Bailey Murphy,Daniel Webb
Dean Lewis,Paula Holmes
Marissa Wilson,Mark Weaver
Trevor Gray,Brian Cox
Christine Gutierrez,Christy Young
Justin Johnson,Jodi Parrish
Louis Cooper,Gary Cooper
Scott Lowe,Brooke Johnson
Jamie Davis,Kyle Rogers PhD
Gabriela Rivers,Joseph Thomas
Kylie Valenzuela DDS,Mrs. Lisa Jackson
Gina Turner,Christopher Potts
Edward Reed,Timothy Brown
Holly Salazar,Kimberly Robinson
Melissa Smith,Keith Peters
Elijah Gonzalez,Tracy Lopez
John Moore,Joseph Collins
John Thompson,Edwin Berry
Timothy Gordon,Jeffrey Perez
Kevin Gutierrez,Mr. Eric Burns DVM
Andrea Brown,Aimee Norton
Brianna Lee,Cory Stevens DDS
William Bates,Thomas Baker
Alexander Diaz,David Bridges
George Edwards,Arthur Carpenter
Holly Wilson,Victor Sanders
Pamela Soto,Lori Keller
Manuel Garza PhD,Bradley Jordan
Kelly Clark,Rebecca Schneider
Nathaniel Fitzgerald,James Colon
Brittany Smith,Michelle Brown
Carol Smith,Tracy Thomas
Julie Bryant,Donna Hansen MD
Robert Williams,Derek Brown
Stephen Shaw,Katherine Clark
Shannon Miller,Amanda Higgins
Gabrielle Simpson,Kenneth Mccormick
Christina Lopez,Sandra Armstrong
Christian Hammond,Dr. Nicole Oconnor MD
Janet Mckenzie,William Guzman
Michael Delgado,Matthew Benjamin
Alicia Cruz,John Smith
Mary Lowe,Jessica Garrett
Kimberly Mcconnell,Chris Williams
Wanda Wheeler,Tommy Saunders
George Cain,Theresa Francis
Shari Little,Katherine Goodwin
Robert Horton,Tyler Benson
Sara Webb,Linda Norton
Loretta Gross,Katie Garza
Edward Smith,Lisa Klein
Logan Smith,Olivia Robinson
Mary Johnson,Vanessa Scott DVM
Kim Gillespie,Earl Owens
Marcus Watson,Andrea Young
Lindsay Bowman,Diana Parrish
Corey Hicks,Nancy Warren
Travis Dixon,Mr. Andrew Abbott MD
Danny Gomez,Jack Sanchez
Christopher Dixon DDS,Courtney Baldwin
Mary Goodwin,Robert Lee
Laura Lawrence,Jessica Chang
Nicole Valentine,Benjamin Mills
Adrienne Gibson,Dr. Mark Washington MD
Ms. Melanie Pace,Andrew Alvarez
Patrick Williams,Gina Gonzalez
Larry Lamb,Henry Schultz
John Reed,Michael Charles
Blake Martin,Valerie Edwards
Ashley Riley,Larry Moyer
Mark Davis,Emily Harper
Lisa Maynard,Paul Holloway
Ryan Cunningham,Steven Carter
Jasmine Hall,Cindy Rhodes
Kristin Doyle,Stephen Hebert
Robert Roberts,Amanda Neal
Harold Padilla,Sylvia Bird
Tina Morales,David Robinson
Brandon Collins,Joseph Gregory
James Jordan,Robert Hanson
James Rush,Alexa Burton
Matthew Clark,Kenneth Curtis
Veronica Sanders,Calvin Thomas
Cynthia Hubbard,Lauren Blair
Edward Finley,Karen Perez
Sherry Wilkinson,Megan Brown
Jacob Waters,Kenneth Anderson
Ronald Ingram,Shane Miller
April Barber,Donna Perkins
Sherry Garcia,Dr. James Calhoun
Lindsay Velez,Rebecca Martin
Billy Andrews,Sarah Little
Jessica Mccarty,Elizabeth Cook
Anthony Charles,Paul Mcfarland
Angela Lynn,Keith Gray
James Tucker,Andrew Smith
Wesley Clark,Clarence Clarke
Tracy Morris,Sara Brown
Edward Mills,Colin Zavala
Dana Davis,Emily Hall
Wayne Hernandez,Brittany Nelson
Lauren Beck MD,Elizabeth Johnson
James Valdez Jr.,Jennifer Collins
Randall Mendoza,Daniel Roberts
Julia Johnson,Timothy Freeman
Thomas Simon,Brian Lewis
Holly Nelson,Audrey Park
Brian Warren,David Lopez
Helen Newman,Debra Barron
Katrina Wagner,Jason Murphy
Richard Hammond,Jeffrey Bradley
Jennifer Smith,Joanna King
Peter Carroll,William Miller
Catherine Valdez,Peter Wallace
Mr. Aaron Harris PhD,Tabitha Mcclure
Joel Lopez,Stacey Johnson
Dorothy Carrillo,Tammy Davis
Jill Phelps,Dana Adams
David Jacobson,John Estrada
Robert Montgomery,Andrea Conrad
Amy Woodard,Antonio Lewis
Stephanie Kelly,Bryan Parsons
Javier Wheeler,Adam Carter
Christopher Carter DDS,Albert Massey
Dr. Samuel Roberts,Megan Rodriguez
Kimberly Martin,Sarah Everett
Andrew Steele,Christian Foster
Laura Jones,Michael Hernandez
Nancy Wilson,Jennifer Harper
Jared King,Nancy Diaz
Alan Burton,Mr. David Patton Jr.
Mrs. Jessica Miller,John Robinson
William Glover,Gary Meadows
Michelle Martinez,Jennifer Jones
Chad Gibson,Stacey Ross
Sarah Hernandez,James Lane
Kevin Wiley,Kelly Parks MD
Wesley Edwards,Sara Simmons
Caitlin Ayala,Heather White
Malik Austin MD,Lindsey Cervantes
Frank Vega,Molly Ochoa
Alexa Johnston,Chase Miller
Angela Robertson,Richard Patrick
William Mcneil,Karen Harris
Matthew Schwartz,Charles Farrell
Christopher Green,Hannah Marshall
Ashley Green,Nancy Clements
Brittany Vasquez,Joshua Anderson
Philip Compton,James Richardson
Ashley Butler,Mary Rodriguez
Erik Mitchell,Breanna Navarro MD
Eric Keller,Joseph Chapman
Kimberly Hall,Jennifer Gomez
David Conner,Brittany Williams
Sara Bowen,Amy Chandler
Carl Davis,Heather Becker
Andrew Cunningham,Chris Rodriguez
Grant Barnes,Jay Kelley
Kevin Miller,Lisa Johnson
Carla White,Cynthia Levine
Robin Wallace,Laura Wright
Michael Morales,Denise Mason
Pamela Smith,Andrew Russell
Connie Gonzalez,Michael Simmons
Jenna Dean,Lisa Livingston
Lisa Cisneros,Ashley Smith
Lance Horton,Ryan Martin
Steven Mcdonald,Jose Jones
Brittany Nolan,Jeanette Small
Alisha Monroe,Kevin Harris
Dana Padilla,Dawn Bell
Sara Davis,Alyssa Ford
John Willis,Faith Davis
Carl Berry,Aaron Valdez
Cameron Barry,Bryan Hill
Brittany Cruz,Nancy Bell
Leah Kelly,Sydney Carpenter
Dalton Matthews,Heidi Arnold
Robert Perkins,Mary Green
Scott Nichols,Susan Rogers
Desiree Garrison,Jessica Johnson
Christopher Collins,Melissa Hicks
Brandon Craig,Jeffrey Fischer DDS
Mr. Gregory James,Danielle Taylor
Melissa Charles,Dennis Cooper
Gary Anderson,Antonio Mitchell Jr.
Courtney Miller,Susan Callahan
Jessica King,Michael Allen
Kayla Davis,Christopher Klein
Monica Adams,Sonya Mitchell
Jessica Santos,David Jackson
Jack Sellers,Charles Riley
Linda Powell,James Norton
Sara Harris,Leslie Franklin
Pamela Wright,Lori Gonzalez
Julia Eaton,Matthew Walker
Brenda Wise,Stephanie Perez
Kristin Rodgers,Linda Powell
Stephanie Lane,Maria Gonzalez
John Contreras,Juan Lee
Caitlin Hess,Regina Anderson
Antonio Franklin,Craig Gonzales
Nicholas Ramirez,John Newton
Nicholas Baldwin,Chad Kim
Brooke Banks,Angel Flores
Garrett Reynolds,Stephen Sparks
Mrs. Denise Gomez,Brent Aguilar
Rebecca Kim MD,Edward Weiss
Jasmine Martinez,Karen Russo
Justin Dixon,Kenneth Thomas
Christian Ingram,Jose Johns
Nichole Flores,Johnny Christian
Robert Edwards,Colin Quinn
Belinda Lamb,Christina Mcneil
Mary Mann,David Sanders
Christopher Hernandez,Sarah Hall
Marissa Rich,Anthony Caldwell
Stephanie Smith,Bryan Greer
Beth Ellison,Alejandro Diaz
Christy Austin,Sean Koch
Robert Arias,Rebecca Mckinney
James Watson,Patrick Vazquez
Lisa Martinez,Sarah Burgess
Cheryl Woodward,William Webb
Evan Duffy,Andrew Rios
Antonio Walker,Evan Nelson
Jeremy Gomez,Angela Maynard
David Melton,Cheryl Miller
Monica Ford,Michael Harper
James Lloyd,Thomas Johnson
Andrea Johnson,Sandra Grimes
Natasha Lambert,Tara Evans
Elizabeth Anderson,Candace Chan
Nicole Thompson,Jimmy Davis
Michael Yang,Lauren Henderson
Jaclyn Velasquez,Amber Pollard
Amanda Garza,Leah Harding
Darryl Griffith,John Snyder
Marcus Brewer,Felicia Holmes
Kenneth Stephens,Robin Williams
Zachary Collins,Katrina Phillips
Tracy Jones,Thomas Hill
Frederick Olson,Kelli Nunez
Bruce Brock,Kiara Miller
Ashley Vargas,Jordan Rivera
Matthew Martinez,John Torres
Theresa Vaughn,Chad Hall
Natasha Houston,Wendy Garza
Joseph Shields,Ashley Garcia
Amanda Hopkins,Betty Davis
Seth Mccoy MD,Claudia Barry
Dennis Hess,Edward Smith
Dr. David Watts DDS,Jerry Clark
Theresa Santos,Duane Brown
Ryan Wang,Derek Phillips
Jason Thompson,Kathy Stewart
William Mullins,Mr. Jason Nelson
Harold Alexander,Eric Rodriguez
Angela Reynolds,Carolyn Villegas
Eric Patrick,Melissa Jones
James Davis,Amy Sanchez
Isabel Mueller,James Woodard
Gerald Harvey,Virginia Schultz DDS
Scott Tucker,Kristen Johnson
Mark Mclean,Austin Gibbs
Patricia George,Yolanda Levy
Joshua Williams,Stephen Byrd
Spencer Murphy,Stephanie Berry
Eric Thornton,Ashley Harrell
Amanda Hood,Jessica Hobbs
Marc Combs,Suzanne Smith
James Morrow,Samuel Simon
Tara Hernandez,Tonya Clark
Donald Zuniga,Ryan Johnson
Gregory Gross,Adam Pearson
Jamie Swanson,Brittany Rogers
Joan Berry,Douglas Hull
David Martin,Susan Clements
Barry Gomez,Ana Bolton
Renee Rocha,James Valdez Jr.
Walter Campos,Jeffrey Chavez
Tyler Ochoa,Arthur Tyler
Daniel Reid,Marc Garcia
Linda Gonzalez MD,Grace Solomon
Amy Smith,Danny Moss
Melissa Willis,Natasha Pena
Renee Huang,Michael Gonzales
Heidi Chavez,Alison Gonzalez
Rita Hale,Kristie Daniel
Elizabeth Reid,Lorraine Hays
Gloria Cervantes,Brandon Smith
Connor Mcdowell,Taylor Price
Christina Williams,Susan Pena
Sarah Howard,Victoria Watson
Mr. Dean Singh,Tracy Barnes
Nicole Brown,Angela Moore
Sara Dawson,Colleen Trevino
Matthew Walker,David Orr
Jeremiah Johnson,Melissa Barber
Kimberly Hill,Tina Marshall
Joseph Stanley,Jennifer Elliott
Kendra Hodge,Ashley Hall
Daniel Washington,Diane Rasmussen
Andrew Stewart,Kristen Richardson
Rachel Wells,Logan Carter
Daniel Alvarez,Daniel Mahoney
Peter Olson,Tricia Cobb
Alexis Anderson,Jacqueline Lara
Erin Mcdonald,Jason Wolf
Dorothy Howe,Michael Gallegos
John Lucas,Tracey Carroll
Austin Bolton,Mark Jones
Alicia Kelley,Nicole White
Dana Obrien,Juan Thompson
John Villarreal DDS,Susan Daniels
Karen Figueroa,Kelly Evans
John Ford,Anthony Taylor
Cassandra Williams,John Shah
Robert Adkins,Heather Brock
Benjamin Braun,Andrew Snyder
Mackenzie Liu,Anthony Cross
Eric Phillips,Suzanne Boyd
Justin Garcia,Linda Reid
Todd Flores,Gregory Allen
Amber Ellis,David Miller
Juan Castillo,Christopher Love
Michael Arellano,Michelle Patrick
Sarah Brooks,Anthony Lowe
Frederick Andrade,Alexis Gomez
Timothy Moon,Michael Ellis
Adam Anderson,Douglas Paul
Christopher Bonilla,Jacqueline Bradley
Nicole Medina,Brett Lee
Stanley Alvarez,Dustin Rios
Julie Perry,Justin Grimes
William Vance,Mr. Andre Thomas
Courtney King,John Green
Jeremy Valencia,Tina Castillo
David Jones,Natalie Fuller
Troy Frederick,Madison Mcguire
Walter Wiggins,Tonya Bradshaw
Steven Manning,Jennifer King
Anthony Rios,Holly Martin
Mary Shaw,Kerry Knight
Lisa Sherman,Kim Smith
Monica May,Bradley Smith
Jeffrey Carpenter,Kendra Bryant
Joseph Clark,Jamie Sanchez
Barbara Lewis,Melinda Rivera
Martin Williams,Emily Woods
David Mills,Johnny Coleman
John Ware,Linda Johnson
Brian Griffin,Glen Mann
Daniel Esparza,Angela West
Ashley Elliott,Mrs. Sharon Wilcox MD
Noah Graham,Emily Leach
Kimberly West,Justin Rodriguez
Robin Daniels,Juan West
Michael Mitchell,Brandy Yoder
Deborah Malone,Sarah Sanders
Michael Kim,Stephanie Marquez
Joel Williams,Barbara Chen
Tonya Reynolds,Andrea Williams
Timothy Davis,Randall Leach
Ryan Larson,Evan Vargas
Andrew Hernandez,Michelle Mcknight
Travis Delgado,Jeffery Ellis
Catherine Perkins,Riley Murray
Deborah Velazquez,Timothy Rodriguez
James Wiggins,Natasha Jensen
Kathy Brown,Adam Wilson
Sarah Ramirez,Joy Huff
Richard Harper,Jeremy Rios
Amber Moore,Marcus Wagner
Gary Farrell,Veronica Sullivan
Tina Choi,Scott Avila
Daniel Curtis MD,James Walsh
Jaime Clark,Barry Gomez
Thomas Guerrero,Duane Nguyen
Laurie Norman,Edward Miller
Patty Moreno,Anthony Powers
Alexis Foster,Julie Barry
Paul Taylor,Kenneth Johnson
James Guerra,Mary Scott
Timothy Chang,William Johnston
Christian Rogers DVM,Megan James
Carrie Chapman,James Johnson
Caitlin Bennett,Jeremy Sanchez
Mary Howard,Paula Peterson
Dr. Nicole Oconnor MD,Kimberly Davies DDS
Heidi Munoz,Jennifer Sanders
Sean Flores,Michael Holmes
Jacob Cole,Amy Fuller
Michael Kelly,Margaret Wallace
Kenneth Gardner,Gregory Cooper
Tina Bell PhD,Zoe Burton
Roger Durham,Jessica Morales
Megan Harris,Steve Espinoza
Courtney Wells,Heather Small
Ronald Brown,Jose Shaffer
Jeffrey Kennedy,Francisco Stevens
Bruce Brown,Tracy Brown
Emily Neal,Kelly White
Robert Rivera,Kathryn Shelton
Rebecca Brandt,Kenneth Williams
Dr. Scott Lawrence,Benjamin Collier
Sara Simmons,Brittney Barker
Natalie Murray,Pamela Griffin
David Rodriguez,Craig Johnson
Peter Bauer,Alexandra Elliott
Margaret Morales,Mackenzie Davis
Brian Brock,Joseph Ramirez
Matthew Knight,Betty Williams
Lindsey Williams,Christopher Hutchinson
Mackenzie Miller,Amanda Clark
John Burton,Omar Wallace
Kimberly Carpenter,Mitchell Fox
Miranda Burns,Justin Lee
Melinda Hayes,Johnathan Jones
Kelly Davis,Amanda Hood
Robin Rivas,Katherine Johnson
Jerome Williams,Kyle Johnson
Aaron Bates,Sarah Myers
Deborah Owens,Todd Riley
Joshua Porter,Bradley Navarro
Johnny Skinner,Claudia Fowler
Kimberly Jenkins,Erika Yu
Karen Curtis,Sarah Fleming
Stephen Horton,Jamie Schneider
Mckenzie Williams,Katie Rivera
Sandra Jones,Don Blake
Crystal Smith,Debra Foley
Rita Wilkins,Anthony Davis
Angela Ingram,Megan Clark
Hannah Gonzalez,Rachael Dalton
Gina Harvey,Holly Williams
Kendra Mcneil,Ernest Tate
Sandra Hawkins,Cheryl Ortega
Sandra Cook,Johnathan Hawkins
Veronica Hebert,Jessica Rivas
Becky Smith,Dr. Howard Medina DDS
Tamara Baker,Karen Moore
Michelle Phillips,Benjamin Valdez
Nicole Garcia,Christine Barron
Gina Gonzalez,Sheila Lewis
Danielle Ponce,Elijah Lamb
Derek Ruiz,Amanda Gillespie
Joel Martin,Ms. Angela Hull MD
Stephanie Tran,Brian Brock
Christopher Hammond,Tara Rodriguez
Monica Cook,Melissa Benitez
Christine Huffman,Joseph Peters
Tracy Gray,Carolyn Chambers
Kayla Estrada,Daniel Hall
Mary Dawson,Kristin Barry
Julie Townsend,Chase Burke Jr.
Julie Pugh,Debra Schneider
Barbara Smith,Tommy Mejia
Laura Rodriguez,David Cox
Michael Braun,David Barrett MD
Heidi Fritz,Sharon Morgan
Victoria Tanner,James Thompson
Robert Patton,Daniel Kaufman
Michael Carpenter,Todd Gardner
Regina Morales,Tiffany Reynolds
Donald Joyce,Adrian Hunter
Lindsay Smith,Lisa Rodriguez
Kaitlin Dixon,William Petersen
Emily Burgess,Tracey Scott
Teresa Brown,Shelley Bautista
Krystal Stanley,Edward Ashley
Nancy Booth,Raymond Fritz
Kimberly Smith,Yvonne Novak
Charlene Jordan,Evan Hutchinson
Kevin Daniel,Joshua Lin
William Jarvis,Kerry Burch
Cody Singleton,Tiffany Burgess
Brenda Rodriguez,Paula Shaw
Derek Sandoval,Johnny Baker
Morgan Ramos,Christopher Logan
John Flores,Calvin Franco
John Gillespie,April Coleman
Tammy Wyatt,Regina Peterson
Andrea Baker,Craig Butler
Ryan Coleman,Candice Merritt
Angela Williams,Edward Obrien
Brandi Thomas,Stephen Nichols
Jack Garcia,Eugene Jimenez
Ryan Stephens,Audrey Martin
Barry Hernandez,Amber Anderson
Juan Parker,Lori Martin
Kyle Barajas,Ashley Morgan
Andrea King,Michelle Wells
Briana Coleman,Jay Mclaughlin
Leah Riley DDS,Sandra Wood
John Petty,Samantha Schroeder
Jacob Wilson,Eric Garcia
Richard Morse,Diana Wells
Nicole Jimenez DVM,Nathan Taylor
Kelly Hubbard,Eileen Brennan
Laura Pacheco,Christopher Bell
Wesley Stevens,Nancy Reese
Jordan Preston,Angela Peterson
Diane Martin,Emma Tucker
Susan Vazquez,David Nicholson
Elizabeth Pruitt,Brittany May
Ralph Hood,Pamela Smith
Nicole Boone,Nathan Meyer
Andre Huynh,Eric Lee
Amy Foster,Ronald Brown
Matthew Yang,William Vasquez
Nicole Bush,Mary Collier
Linda James,Tracy Ward
Cynthia Adams,John Williams
David Sutton,John Hartman
Kathleen Ramos,Vincent Bradford
Eddie Howell,Michele Jenkins
Andrew Lewis,Patrick Griffith
Grace Macias,Gina Turner
Monique Gomez,Michele Johnson
Jennifer Porter PhD,Kevin Padilla
Michael Morgan,Katie Gonzalez
Andrew Snyder,Phillip Goodwin
Ronald Long,Brandon Phelps
Joseph Owen,April Jones
Edward May,Randy Hess
Anne Patterson,Erin Green
Austin Matthews,Brittney Ellis
Nicole Hansen,Tammie Martinez
Adam Price,David Washington
Jennifer Thomas,Scott Terry
Terry Joseph,Katherine Flowers
Brenda Reese,Andrew Chavez
Dana Miller,John Hernandez
Larry Lawrence,Debra Andrews
Barbara Little,Natalie Tucker
Natasha Dominguez,Zoe Malone
Patricia Callahan,Shelly Moore
Kevin Padilla,Jordan Pittman
Denise Manning,Andre Davis
Samantha Neal,Barbara Valencia
Nicholas Walton,Aaron Estrada
Elizabeth Chapman,Thomas Allison
Daniel Palmer,Nancy Russo
Ryan David,Brenda Rodriguez
Desiree Newton,Patricia Jones
Adrian Smith,Jason Atkinson
Sherry Mcdonald,Mrs. Abigail Peterson MD
Larry Johnson,Thomas Wilson
Robert Clark,Deanna Marsh
Emily Flynn,Daniel Arnold
Dr. Julie Hansen,Catherine Foster
Billy Miller,Lauren Williams
Nicole Watts,Grace Price
Jennifer Contreras,Alison Castillo
Derrick Harper,Teresa Carter
Michael Moore,Rebecca Wells
Daniel Jones,Lisa Obrien
Kathleen Martin,Victoria Myers
Nicholas Clarke,Bonnie Mclean
Kristy Crawford,Misty Cook
Nicole Ford,Rachel Kaiser
Jeffrey Marshall,Joseph Simmons
Debra White,Amanda Brown
Margaret Johnston,Mckenzie Carr
John Miller,Amber Jennings
Katherine May,Amy Weber
Christopher Mercado,Steven Leach
Matthew Armstrong Jr.,William Hill
Joshua Graham,Dawn Lee
Shannon Brandt,Timothy Murray
Billy Charles,Kristopher Smith
Crystal Palmer PhD,Christina Cherry
Wayne Zimmerman,Ryan Jones MD
Matthew Rodriguez,Colton Richards
Alexandra Watts,Greg Chavez
Marissa Marks,Sabrina Brown
Karen Mcmillan,Miranda Briggs
Natalie Kline,Samantha Hill
Leslie Brown,Henry Cook
Deborah Tucker,Monique Hernandez
Amy Perez,Kevin Johnson
Alyssa Richardson,Donna Warren
Barbara Norton,Ronald Miller
Christina Berry DDS,Lori Brooks
Katie Higgins,Maria Rodriguez
Kevin Stanley,Jennifer Romero
Larry Jones,Kimberly Murillo
Kevin Dixon,Jason Jarvis
Jared Vaughn,David Kemp
Ronald Munoz,Bailey Murphy
Benjamin Ochoa,Lisa Carter
David Hernandez,Ian Small
Timothy Dickerson,Kristen Mcgrath
Michael Hudson,Jim Newton
Rhonda Thomas,Daniel Greene
Kirsten Porter,John Valdez
Sabrina Freeman,Amanda Thompson
Thomas Hendricks,Alexandra Hernandez
Justin Blevins,Jerry Villegas
Leah Elliott,Michelle Craig
William Cook Jr.,Alexandra Becker
Robert Jackson,Christine Wiggins
Martin Smith,Melanie Young
Amy Cruz,Tiffany Jones
Lawrence Cooper,Kristy Cox
Lisa Sanders,Julie Cohen
Joseph Higgins,Bobby Shepherd
Sierra Yang,Karen Lee
Erica Rodriguez,Michael Hayes
Annette Bartlett,Seth Stewart
Jennifer Norris,Bryce Williams
Julia Holmes,Deborah Lester
Melissa Romero DDS,Jacqueline Vance
James Bishop,Victor Hamilton
Cheyenne Washington,Wayne Zimmerman
Jason Ford,Geoffrey Frederick
Margaret Martin,Joseph Blankenship
Jessica Jones,Matthew Hansen
Dustin Rivera,Lindsay Johnson
Jacqueline Kim,Luke Wright
Jade James,Lynn Johnson
Jeremiah Smith,Travis Lewis
Christopher Thomas,Megan Morgan
Amy Compton,Jean Camacho
Yvette Franklin,Derek Clark
April Martin,Elizabeth Pruitt
Laurie Vasquez,Shannon Casey
James Dorsey,Amanda Lopez
Amber Whitney,Charles Mckay
Vincent Lee,Patrick Kirk
Xavier Thomas,Jimmy Tran
Tony Jensen,Jennifer Mooney
Jessica Brock,Jose Hicks
Allen Green,Kevin Norris
Justin Lee,Tony Moore
Stephen Blackburn,Lauren Phillips
Brian Beck,Marc Wagner MD
Kathleen Guzman,Angelica Henderson
Matthew Ray,Kaitlyn Edwards
Colleen Riley,Matthew Martinez
Stephen White,Mark Wilson
Holly Hardy,Anne Barrett
Eddie Lowe,Colleen Malone
Marcia Diaz,Kristin Lucas
Danny Dawson,Mark Gonzales
Andrew Smith,Alexandra Weaver
Sandra Anderson,Lisa Berger
William Gonzalez,Michael Bond
Stacey Quinn,Diana Proctor
Sarah Allen,Eric Schmidt
David Collins,Claudia Henry
Vanessa Marshall,Brandy Walker
Paul Dyer,Jason Davis
Cynthia Jones,Jessica Morrison
Jessica Velez,John Kline
Hannah Graham,Christina Young
Andrew Marshall,Joseph Barrera
Donna Mitchell,Frederick Andrade
Jessica Hill,Desiree Parker
Bob Gonzalez,Cynthia Morales
Cynthia Fuller,John Reid
Katherine Cooke,Mark Caldwell
Kent Robinson,Christopher Hernandez
Austin Lucero,Nathan James
Steven Mendez,Ronald Morrison
Tony Anthony,Katie Greer
Christopher Roth,Ashley Sanchez
Miranda Nelson,Bradley Meyer
Jeremy Decker,Richard Rivera
Michelle Buchanan,Brandon Parker
Karen Harris MD,Victoria Fisher
David Clay,Taylor Ross
Allen Mccarthy,Zachary Sharp
Christopher Carson,Karen Bell
Olivia Carroll,Jessica Stephens
Christian Barrett,Clarence Johnson
Erin Gilbert,Taylor Cox
Ms. Susan Gonzalez,James Salas
Matthew Brown,Latoya Mitchell
Carolyn Wilson,Mr. Nathan Alexander MD
Mark Stone,Michael James
Christopher James,Scott Collins
Phillip Gonzalez,Brandon Washington
Lisa Morris,Gary Orozco
Katelyn Bullock,Mr. Allen Blackburn
Hannah Johns,Janet Cunningham MD
Jason Coleman,Rebecca Jones
Christian Brown,Catherine Lawson
Lisa Pratt,Sarah Lopez
Sharon Thompson,Andre Schneider
Margaret Carter MD,Ashley Day
Nicole Ellis,Gregory Barrett
Dawn Maxwell,Scott James
Rebecca Williams,Ray Saunders
Karen Walters,Stephanie Alexander
Carolyn Chambers,Brandon Silva
Samuel Thompson,Kelly Smith
Billy Brown,Tiffany Li
Charles Hernandez,John Humphrey
Nicole Johnson,Patrick White
Cameron Peters,Michael Powell
Jennifer Taylor,Rebecca Brown
Jessica Cook,Lindsey Combs
Jonathan Horton,Bonnie Boone
Amy Taylor,Roger Chapman
Jeremy Grant,Adam Boyd
James Acosta,Diana Bullock
Christopher Brown,Jamie Ray
Randall Bray,Jessica Bryant
Joseph Mayo,Devin Arnold
Taylor Gordon,Kathryn Moore
Mary Mays,Antonio Turner
Jeremy Nelson,Joshua Holland
Jose Williams,Nicholas Rodriguez
Catherine Kelley,Erin Hunt
Cameron Bishop,Jessica Griffin
Jeremiah Marks,Carmen Chavez
Jason Nelson,Patricia Villarreal
Scott Jones,Jessica Pierce
Rachel Moyer,Robert Steele
Eric Curry,Samantha Johnson
Edward Miller,Mr. Brian Harper
Kelsey Munoz,Dawn Velez
Adam Thomas,Elizabeth Jones
Rebekah Bowman,Cristina Anderson
Kevin Rush,Thomas Vincent
Dylan Martinez,Michelle Mora
Erin Haynes,Crystal Leonard
Melissa Lambert,Andrew Hernandez
Aaron Harper,James Stevenson
Stephanie Jackson,Bradley Warren
Scott Jacobson,Erin Lopez
Justin French,Christina Jordan
Abigail White,Matthew Wiley
Shannon Woods,Dylan Perez
George Campos,Alicia Wheeler
Thomas Reed,Stacy Henderson
Danielle Hunter,Brianna Kaiser
Bill Mccormick,Julie Williams
Daniel Lee,Debra Beck
Melissa Fowler,Alexandra Clark
Martin Nolan,Michael Williams
Daniel Joseph,Kathy Wilson
Karen Barton DVM,Donna Rivera
Michael Fleming,Cody Sullivan
Jonathan Wheeler,Karen Key
Michael Summers,Tyler Mcmahon
Cynthia Hernandez,Tyler Stein
Amanda Greene,Angela Nguyen
Ryan Ross,William Velazquez
Anthony Smith,Michael Morrow
Monique Schultz,Jesus Cisneros
Jonathan Heath,Anthony Rios
Sherry Simon,Phillip Williams
Stephanie Stevenson,Christopher Mcneil
Isabel Johnson,Mr. Garrett Pennington MD
Katelyn Long,Jessica Bates
Mary Spears,Jonathan Thompson
Joshua Barker,Xavier Williams
James Blackwell,Joann Coleman
Michael Edwards,David Hart
Casey Richards,Natalie Reed
Scott Johnston,Christopher Mercado
Christopher Neal,Natalie Ferguson
Shannon James,Gabriel Mathews
Ryan Brady,Renee Ramos
Samantha Garcia,Rebecca Carter
Donna Williams,Trevor Tucker
Susan Meyer,Kelly Marquez
Dennis Richardson,Kiara Roach
Miguel Murphy,Christopher Dalton
Michelle Anderson,Janice Rivera
Douglas Rogers,Charles Jacobson
Sarah Cook,April Bradley
Brad Terry,April Mason
Melissa Brown,Joseph Swanson
Michele Robbins,Joel Perez
Anthony Williams,Jessica Anderson
Susan Hill,Michael Yang
Melissa Carpenter,Steven Bradshaw
Nathan Johnson,Crystal Allen
Patrick Vazquez,Jeffery Miller
Anna Obrien,Casey Choi
Timothy Bryant,Angie Price
Sherry Miller,Vanessa Kelley
Corey Schultz,Daniel Schultz
Mike Johnson,Ronald Reyes
Molly Steele,Todd James
Tony Mcclain,Jocelyn Reyes
Carol Lewis,Erin Foster
Karen Espinoza,David Bates
John Neal,Michael Martin
Paul Snyder,Ann Jones
Joe Parker,Chad Everett
Sarah King,Teresa Harris
Shannon Villarreal,Brittney Hall
Richard Sanchez,Marcus Griffin
Mrs. Tara Brown,David Vasquez
Rebecca Douglas,Lee Gardner
Ashley Mccall,Christopher Walters DDS
Elizabeth Travis,Mrs. Kelly Lopez
Thomas Sandoval,Karen Garcia
Chelsea Johnston,Amber Sexton
Matthew Gill,Jeremy Lewis
Olivia Hayes,Joseph Stanley
Joel Castillo,Luis Lee
Amy Parks,Kimberly Harris
David Brandt,Cynthia Olson
Donna Hansen MD,Blake Martin
James Wu,John Adams
James Perkins,Michael Henry
Peter Matthews,Alexander Hopkins
Sara Parker,Jeffrey Shaw
Mark Gonzales,Christine Garrett
Stephanie Fleming,Ariel Smith
Jonathan Lee,Donald Lopez
Diane Baker,Gabriela Dominguez
Jennifer Holden,Robin Rivas
Sierra Kelly,Gloria Williams
Sarah Wolf,Christopher Figueroa
Gabriel Rosario,Brenda Lopez
Abigail Knox,Karen Davis
Andrea Patton,Scott Goodman
Ashley Kaiser,Gary Walker
Donna Mclaughlin,Debbie Bishop
Patrick Duncan,Lance Hoffman
Brenda Stevens,Donna Boyer
Julia Miranda,Samuel Peterson
Jordan Thomas,Shawn Turner
Heather Cox,Joan Gardner
Eric Hernandez,Victoria Hill
Lisa Howell,Donna Webster
Ryan May,Joshua Thomas
Sonya Wood,Corey Thompson
Charles Sparks,Ricky Campbell
Jane Walters,Nancy Ortiz
Jill Sullivan,Kristina Love
Bailey White,Brian Winters
Stephanie Tucker,Lacey Jones
Douglas Bennett,Jennifer Solomon
Mary Burnett,Nicole Guerrero
Ronald Villa,Brett Bennett
Victor Reed,Evan Allen
James Collins,Patrick Mack
Teresa Austin,Denise Mcbride
Alex Cummings,Amber Duarte
Dustin Murphy,Margaret Mitchell
Oscar Abbott,Elizabeth Smith
Evan Taylor,Heather Hernandez
Ernest Sweeney,Alexander Reynolds
Joseph Beard,Lori Mullins
Jordan Kennedy,Kayla Fitzpatrick
Stephanie Hernandez,Terri Rhodes
James Hayes,Michael Hebert
Frank Carter,Mark Nixon
Teresa Phillips,Hector Gutierrez
Heather Tran,Tristan Ballard
Dustin Sanders,Hayley Smith
Samantha Scott,Arthur Burns
Jennifer Rice,Mary Mccarty
Mr. John Gray,Albert Farley
Douglas Russell,James Wiggins
Jordan Carter,Natasha Lewis
Lee Wilson,Tanya Brown
Dakota Bishop,Mark Newman
Kevin Harris,Tiffany Bailey DDS
Jeremy Robinson,Stephanie Hernandez
Paul Hall,Angela Wagner
Brooke Brown,Dana Riley
Michael Contreras,Willie Jones
Tina Thomas,Mark Turner
Patrick Lee,Elizabeth Hicks
Rodney Johnson,Renee White
Ethan Kelly,Stacy Smith
Jason Hebert,Mrs. Misty Cuevas
Kelli Nunez,Henry Mitchell
Stephen Burns,Karen Barton DVM
John Burns,Victoria Brooks
Donald Gonzalez,Michael Mullen
Alexander Gibson,Gloria Freeman
Gloria Freeman,Morgan Ramos
Gary Harris,Kathleen Wells
Crystal Wagner,Anne Jones
Julie Williams,Belinda Ferguson
Aaron Rogers,Katherine Flynn
Mrs. Vanessa Hobbs,Donna Summers
Lynn Kelley,Jennifer Jordan
Debbie Schmidt,Tanya Miller
Micheal Villanueva,Kristin Doyle
Frank Young,Sara Rush
Kathleen Odom,Andres Sanders
Gordon Rhodes,Alisha Monroe
Alison Roberts,Alvin Garcia
Becky Barrett,Joshua Humphrey
Tina Hodges,Nathaniel Tucker
Robert Mathis,Eric Glover
Travis Singleton,Jeff Torres
Belinda Adams,Spencer Potts
Bradley Bright,Lori Christian
Anita Krause,Erin Nunez
Elizabeth Ayala,Gregory Jones
Dennis Farmer,Bradley Beck
Kendra Patton,Alec Castro
Mitchell Smith,Parker Costa
Joel Mcgrath,Brendan Clarke
Emily Chen,Timothy Peters
Jennifer Cobb,Wendy Clark
John Jacobs,Ashley Walker
Linda Harrell,Eric Jackson
Christopher Gibson,Mr. Jerry Thompson Jr.
Ronald Warren,Michael Moore
Paul Wilson,Mrs. Amanda Ortiz DVM
Russell Richardson,Rebecca Hunt
Pamela Torres,Roger Orr
Brandon Hale,Rodney Santana
Lauren Smith,Tony Wagner
Anna Smith,Nicole Watts
John Hunt,Amber Reid
Sarah Cunningham,Vanessa Young
Kayla Shaw,Diane Hill
Susan Blankenship,Philip Williams
Adam Hicks,Abigail Hogan
Patty Mcgee,Carol Good
Theresa Callahan,Erika Dalton
Eric Martin,Allen Underwood
Rebecca Parker,Aaron Vaughan
Elizabeth Kelly,Jennifer Fernandez
Samantha Reed,Nichole Ward
Kristin Morris,Renee Wood
Mr. Thomas Barnes DDS,Mckenzie Williams
Katie Wong,Destiny Clayton
Jack Hall,Jeanne Bradley
Gregory Gonzales,Stephen Bond
Hannah Obrien,Sean Bell
Amy White,Jesse Roman
Stephanie Henderson MD,Robert Rowland
Tami Hicks,Todd Mccarty
Mary Mccarty,Cameron Johnson
Miranda Hale,Christopher Lucas
Katherine Perez,Nicole Vasquez
Karen Patel,Matthew Henderson
Jeffrey Baker,Eric Dunn
Lawrence Suarez,Martin Morris
Mark Wilson,Jennifer Phillips
Earl Nash,Adam Lawrence
Evelyn West,Whitney Mcdaniel
Becky Wood,Jasmine Baker
Alisha King,Cindy Lee
Christina Thomas,Shannon Miller
Kristen Mcgrath,William Lawrence
Christina Myers,Caleb Hughes
Amber Osborne,James Cochran
Daniel Mullins,Amanda Martinez
Brian Snow,Karen Kelly
Edward Ward,Janet Maldonado
Aaron Tapia,Sharon Ross
Eric Wright,Karen Hamilton
Monica Berry,Tamara Walker
Timothy Taylor,Jacob Garcia
Derek Dodson,Darrell Meyer
Ashley Nielsen,Jason Cross
Karen Garrison,Angelica Moore
Mary Phillips,Breanna Frank
Brandi Foster,Amy Jensen
Nicole Cook,Joshua Williams
Diana Hunter,Thomas Mclaughlin
Angela Barr,Daniel Welch
Richard Ramirez,Summer Martin
Jenny Robinson,Richard French
Edward Cole,Julie Phelps
Kelly Mckee,Andrea Acosta
Jennifer Conner,Michelle Burns
Melissa Montes,Thomas Lara
Paul Hardin,Sara Gutierrez
Jasmine Ward,Hannah Alvarado
Anthony Walker,Erin Walker
Lindsay Baldwin,Kevin Byrd MD
Brandi Cardenas,Jeremy Williams
Michael Castro Jr.,Tyler Chan
Julie Brown,Sara Snyder
Casey Parks,Jared Erickson
Melanie Hubbard,Claire Walker
Taylor Williams MD,Jennifer Sanford
Michael Williams,Eric Manning
Nicholas Allen,John Moore MD
Sharon Mccarthy,James Myers
Jeffrey Brooks,Zachary Wallace
Ashley Osborne,Nathan Perez
Christopher Acosta,Brent Carr
Rebecca Evans,Judith Rogers
Nathan Diaz,Erik Parks
Michelle Cobb,Oscar Erickson
Sherri Hale,James Green
Brian Wilson,Martha Chambers
Karen Cook,Frank Young
Michael Martinez,Daniel Watts
Kathryn Navarro,Nicholas Berry
James Long,Anthony West
Rose Meyer,Jennifer Morales
Lisa Hall,Benjamin Carter
Michelle Brown,Andrea Lang
Kimberly Cooley,William Parker
Morgan Shannon,Michele Castro
Tina Booth,Caitlyn Webb
Anna Hart,Charles Barnes
Shelly Lee,Matthew Griffin
Samantha Solis,Alexandra Nolan
Edward Manning,Christine Jones
Jeffrey Gonzalez,Dr. Jennifer Thompson
Sherry Johnson,Benjamin Garza
Tammy Bradley,Jamie Wilson
Rachel Jones,Cynthia Haas
Jesse Jackson,Lauren Kidd
Patrick Reed,Brad Johnson MD
Lauren Francis,Karen Hanson
Evelyn Lara,Daniel Mason
Angela Lee,Jessica Salazar
Jon Hall,Jamie Woodward
Gary Riddle,Nicole Carter
Clayton Barrera,Kristie Banks
Steven Newton,Andrea Gonzales
Stacy Spence,Jermaine Hill
Kathleen Durham,Jasmine Benton
Daniel Carpenter,Debbie Garcia
Anthony Allen,Lisa Abbott
Christopher Walker,Shelly Pope
Robin Werner,Linda Buckley
Julie Figueroa,Teresa Alvarez
Stephanie Anderson,Steven Robinson
Elizabeth Velez,David Hodge
Vanessa Whitehead,Tonya Reynolds
Kristina Alvarado,Philip Jackson
Kimberly Estrada,Alex Carter
Glenn Palmer,Jordan Matthews
Ronald Martin,Beth Stewart
Megan Mason,Thomas Dudley
Nicole Johnston,Sherry Johnson
Kelly Mays,Nicole Campbell
Troy Robbins,Matthew Romero
Jesse Perez,Robert Webb
Julie Fox,Olivia Greene
Christopher Ballard,Megan Wilson
Kimberly Welch,Richard Hunter
Angelica Moore,Jessica Long
Cynthia Hamilton,Paige Thornton
Michael Oneal,Ricardo Mills
Amanda Brown,Rebecca Hobbs
Billy Calderon,Abigail Knox
Michael Atkinson,Daniel Jenkins
Erin Reed,Sarah Foster
Regina Bell,Rita Vega
Adam Freeman,Anna Jones
Kayla Solis,Javier Campbell
Karen Perez,Steven Herrera
James Hughes,Anthony Morales
Regina Anderson,Pamela Howe
Nancy Clements,Tammy West
Stephanie Reed,Darren Andersen
Michael Christensen,Anthony Perez
Jonathon May,David Ortiz
Kathleen Stewart,Jennifer Hubbard
Anthony Irwin,Martin Hill
Bryan Smith,Stephen Holloway
Tiffany Henry,Sara Brewer
Dennis Jackson,Andrea Robbins
Craig Miller,Nathan Espinoza
Amanda Reyes,Matthew Elliott
Michael Brown,Kenneth Moore
Katherine Campbell,Kenneth Farmer
Stephen Vasquez,Chelsea Wilson
Andrew Williams,Dana Brown
Marissa Case,James Morrow
Terri Bailey,Sara Cruz
Jennifer Levine,Jennifer Chapman
Aaron Gill,Michael Chung
Madison Mcguire,Jason Trujillo
Stacy Campbell,Christopher Martin
Elizabeth Knapp,Brandy Rojas
Jennifer Garza,April Pham
Christopher Campbell,Amanda Hill
Matthew Tran,Paul Turner
Candace King,Ruth Dillon
Melissa Watson,Donald Fox
David Johnson,Alejandro Adams
Benjamin Coleman,Benjamin Smith
Allison Harris,Philip Brown
Colin Price,Jacqueline Hughes
Katie Cain,Brian Madden
Ricardo Alvarez,Charles Lam
Brenda Adams,Brandon Rhodes
Norman Newman,Jessica Smith
Hannah Carroll,Jasmine Jones
Kathryn Thomas,Frank Franklin
Stanley Stark,William Gonzalez
Daniel Hall,Evelyn Mendoza
Andrew Fisher Jr.,Willie Herrera
Crystal Hobbs,Shelley Scott
Sandra Smith,Ms. Kristin Campbell
Kristy Underwood,Terry Johnson
Heidi Ramos,Paul Davis
Benjamin Perry,Tanya Guerrero
Nancy Peters DVM,Laura Torres
Nicole Larson,Amanda Summers DDS
Mary Maxwell,Paula Lowe
Robert Washington,Aaron Smith
Joseph Gallagher,Robert Novak
Shannon Conrad,Wendy Lopez
Theodore Blankenship,Tammy Lowery
Timothy Cooper,Nicholas Johnson
Susan Mitchell,Jordan Austin
Martin Mclean,Brittany Johnson
Kim Jones,Patrick Webster
Angelica Smith,Jonathan Contreras
Joseph Barker,Scott Johnston
Jerry Boyle,Jon Walker
Joseph Delgado,Madison Myers
Michael Castaneda,Breanna Johnson DVM
Susan Summers,Eric Avila
Lisa Johnson,Jessica Jones
Anthony Ellis MD,Meredith Norton
Jasmine Benjamin,Aaron Spencer
Megan Taylor,Vicki Gallagher
Susan Cruz,Kayla Johnson
Kevin Perez,Jeffrey Howell
Rebecca Fleming,Richard Little
Brittany Meyer,Samuel Wood
Regina Larson,Derek Turner
Marilyn Melendez,Eric Todd
Allen Ritter,Benjamin Baker
Cynthia Aguirre,Scott Mayer
Maria Wyatt,Corey Terry
Christopher Taylor,Jenny Robinson
Nicole Hale,Bernard Ross
Paula Howe,Kyle Bowman
Christopher Webb,Nicholas Clark
Melissa Odonnell,Jorge Pineda
Sarah Silva,Miguel Ross
John Fletcher,Kristina Torres
Christopher Wilson,Jennifer Price
Charles Hill,Gary Gomez
Parker Frank,Blake Webster
Trevor White,Valerie Williams
Brandy Brock,Tiffany Travis
Gregory Allen,Martha Fields
Ryan Poole,Alex Ortiz
Donald Simmons,William Love
Kimberly Houston,Dakota Brown
Susan Clements,Stephen Shannon
Deborah Webb,Brittany Carter
Danielle Webb,Jennifer Carson
Robert Campbell,Travis Mcclure
Carolyn Jones,Lisa Watson
Peter Romero,Dr. Lindsay Martinez
Melissa Cook,Jerry Lane
Samuel Lambert,Ricky Ramirez
Evan Nelson,Wendy Padilla
Tamara Green,Mr. Eric Norris
Christie Smith,Stephen White
Corey Miller,Michelle Miller
Dana Campbell,Lauren Rodriguez
Daniel Hoffman,Amber Kelley
Katherine Arroyo,Melissa Carpenter
Michael Snyder,Brenda Johnson
Joseph Nelson,Juan Johnson
Timothy Vazquez,Brian Adams
Holly Clark,Gina Harvey
Antonio Thompson,Jennifer Blankenship
Brenda Foster,Amber Vargas
Jennifer Castaneda,James Zhang PhD
Kathleen Jones,Thomas Bishop
Kurt Galvan,Jeremy Floyd
Dylan Parker,Miss Brenda Sexton
Jerry Villegas,Stacey Campbell
Joseph Ellis,Jessica Collier
Billy Smith,Heather Wallace
Jerry White,Austin Lopez
Dakota Carpenter,Steven Walker
Todd Wright,Jillian Hardy
Molly Soto,Michelle Anderson
Keith Duncan,Rebecca Randolph
Dr. Daniel Webb,Jessica Bell
Kellie Harmon,Natasha Cantrell
Mary Ramsey,Julia Gutierrez MD
Jane Shannon,Jody Wu
Adam Gardner DDS,Heather Perez
Robert Brown,Tina Jones
William Ellison,Robert Mccoy
Angela West,Bill Matthews
Dale Flores,Marissa Wilson
Aaron Molina,Kathryn Durham
Sherri Wright,Aaron Carter
Gary Andersen,Cynthia Jackson
Justin Riley,Melvin Baker
Sheryl Johnston,Regina Dunlap
Lydia Torres,Madeline York
Ryan Morales,Kristin Jensen
Brian Ford,Jeffery Smith
Lucas Rodgers,David Horton
Larry Sanchez,Brenda Preston
Rick Nelson,Justin Stephens
Adam Jones,Jordan Munoz
Patrick Saunders,Denise Vasquez
Robin Shaw,Robert Wood
Melissa Greene,Allison Luna
Rebecca Perry,Ryan Ross
Alan Griffith,Tiffany Holder
Robert Dixon,Peter Diaz
Heidi Jackson,Cheryl Johnson
Olivia Mcdonald,Jacob Greene
Brenda Johns,Sarah King
Tina Stein,Kathleen Wheeler
Michael Harrison,Jamie Hartman
Victoria Santana,Chelsea Beck
Deborah Brown,Melissa Torres
Daniel Kim,Katie Carr
Brenda Johnson,Vanessa Ward
Dr. Marcia Wolf,Sheila Montes
Anthony Krueger,Ryan May
Joseph Smith,Sean Baker
Seth Rodriguez,Donald Gonzales
William Williams,Robert Villegas
Ashley Garner,Logan Walker
Robert Black,William James
Amber Nicholson,Marie Rodriguez
David Clarke,Andrea Wood
Joseph Brewer,Kaitlyn Young
Elizabeth Mckinney,Ashley Lane
Brandon Carter,Jack Valentine
Caleb Lopez,Gregory Williams
Amy Sanchez,Christopher Stewart
Michael Becker,Joel Yu
Kyle Fletcher,Katherine Collins
April Flores,Barbara Martinez
Nicholas Stone,Zachary Meyers
Michael Barber,Tabitha Lewis
Gordon Barrett,Nicole Henson
Paul White,Elizabeth Wilson
Richard Hayes,Aaron Griffin
Alexis Herrera,Evan Phillips
Melissa Hartman,Michael Kim
Anthony Weber,Ricky Burns
Joseph Allen,Stacy Tyler
Robert Villarreal,Richard Simpson
Rachael Castillo,Diana Bass
Jason Francis,Susan Thompson
Daniel Torres,Jessica Flores
Bradley Warren,Samantha Gonzalez
Joseph Singh,Paul Wilson
Mark Hall,Cynthia Mccarthy
Lisa Davis,Barbara Miranda
Jared Larson,Mr. Edwin Crawford PhD
Shannon Martinez,Justin Fox
Andrea Henderson,Michael Short
John Ellis,Tonya Gibson
Donna Li,Amanda Morris
Nicole Espinoza,Jeffery Jones
Martin Sawyer,Willie Williams
Kevin Nolan,Stephen Wall DDS
David Shaw,Roger Alvarez
Charles Chen,Kathy Powers
Jeffrey Campbell,Lauren Garcia
Christine Ortiz,Andrew Gregory
Andrea Williams,Nicholas Taylor
Jennifer Cameron,Kevin Kennedy
Rebecca Carr,Curtis Lucas
Rebecca Lambert,David Humphrey
David Mccoy,Daniel Wiggins
Diane Anthony,Joshua Carr
Stephanie Jensen,Anna Johnson
Amanda Drake,Judy Allen
Michelle Arroyo,Debra Walter
Christina Wagner,Mr. Gary Gonzalez
Caroline Joyce,Nicholas Campbell
Brian Hodges DDS,Cynthia Mcclain
Julia Wright,Chelsea Armstrong
Ashley Morgan,Sean Parker
Sara Cooke,Jon Rodriguez
Rhonda Ward,Michael Hughes
Emily Woods,Kathy Hawkins
Mary Martin,Andrea Parker
Donna Wolfe,Stephen Burns
Amy Little,Alexandra Reyes
Jill Aguilar,Chelsea Nelson
Mary Ramirez MD,Rhonda Johnson
Suzanne Richardson,Amber Bailey
Theresa Warren,Ryan Yang
Kristin Smith,Leah Sullivan
John Anderson DDS,Jennifer Murray
Diana Page,Tanya Flores
Mr. Kevin Meyer MD,Teresa Taylor
Taylor Sullivan,Amy Collins
Mrs. Diane House,Timothy Douglas
Stephanie Kramer,William Cunningham
Jeremy Miller,Alexis Owen
Ethan Hall,Dr. Paula Harvey
David Thomas,Scott Lopez
Mr. Todd Francis,Juan Ramirez
Daniel Walker,Nicholas Mckee
Stephanie Moore,John Nelson
Michael Skinner,Betty Walker
Mary Skinner,Haley Fuentes
Jose Morris,David Snyder DDS
John Smith,Debbie Rojas
Sara Moore,Bryan Anderson
Ryan Kerr,Mr. Joseph Miranda
Renee Cox,Patrick Johnson
Joshua Roman,Tina Newman
Joshua Trujillo,Crystal Young
Brian Graham,Sheryl Perry
Tyler King,Mark Dudley
Matthew Sheppard,Yvette Cervantes
Amanda Sanders,Eric Henry
Ann Johnson,Nicole Yoder
Jacob Johnson,Angela Woodard
Dalton Peterson,Anthony Hensley
Patrick Garcia,Christina Johnson
Greg Yang,Lisa Warren
Frank Buckley,Lauren Evans
Robert Stout,Amy Brown
Amanda Bryan,Betty Decker
Donna Peters,Darrell Hernandez
Brittany Wallace,Tony Phillips
Shane Martinez,Scott Black
Amy Garcia,Jennifer Lamb
Jennifer Peters,Rebecca Grant
Sara Hunter,Justin Watson
James Richardson,Brianna Morales
Rodney Shelton,Mark Peterson
Carolyn Martin,Jack Hammond
Patricia Jimenez,Morgan Jones
Barbara Mitchell,Valerie Willis
Emily Wells DDS,Kerry Schmidt
Martha Fields,Stephen Thomas
Colin Goodman,Jeffrey Knight
Lance Moreno,Dale Morales
Lisa King,Derrick Thompson
Susan Hawkins,Stephen Cortez
Veronica Lynn,Yolanda Coleman
Sabrina Singleton,Jose Williams
Kyle Nguyen,Michelle Sanders
Katie Ball,Christopher Munoz
Shane Hardy,Christopher White
Ashley Oliver,Kristin Rivers
Mrs. Maria Williams DVM,Darlene Davis
Charles Ortega,Jonathan Guerra
Holly Bradley,Lawrence Weber
James Mcgee,Monique Jennings
Jody Stone,Janet Mckee
Matthew Howard,Colleen Vazquez
Zachary Gonzalez,Barbara Mitchell
Tamara Collins,Matthew Gonzalez
Andre Lopez,Bryan Freeman
Melissa Simmons,Frank Williams
Chris Rodriguez,Manuel Garrison
Gina Cook,Mr. Glen Jackson
Angela Curry,Steven Johnson
Michael White,Natalie Vaughn
Jeffrey Sanders,Teresa Chavez
Crystal Cobb,Susan Foster
Robert Carr,Brenda Santiago
Andrew Phillips,Elizabeth Abbott DVM
Harry Coleman,Jennifer Stevens
Deborah Gonzales,Hannah Jacobs
Cassidy Greer,Amber Wilson
Mrs. Linda Franklin MD,Lisa Vaughn
Stephen Bond,Angela Young
Ruth Dillon,Kelly Perry
Paul Miller,Mark Hicks
Patricia Watson,Jacob Lowery
Joan Gardner,Martin Nolan
Lauren Hutchinson,Ashley Young
Ryan Valdez,Thomas Bailey
Tyler Aguirre,Christy Campbell
Kristy Gibson,Michael Vazquez
Ashley Mcintyre,Natasha Meadows
Maria Brewer,Donald Adams
Corey Mclaughlin,Sherry Huerta
Patricia Torres,Jennifer Mann
Douglas Mckenzie,Lisa Peterson
Jessica Ramsey,Warren Mcgrath
Sean Andersen,Kim Torres
William Boyd,Erica Williams
Courtney Welch,Cheryl Vang
Steven Castillo,Chase Yang
Kim Oconnor,Renee Jackson
Kiara Dunlap,John Andrews
Jeffery Rodriguez,David Dean
Alexis Thomas,Jack Brown
Elaine Cochran,Jason Norris
Lisa Frye,Kendra Gardner
Cory Walker,Virginia Gray
Jennifer Solomon,Nicole Thompson
Kaitlin Grimes,Heather Haas
Kaylee Beard,Timothy Rogers
Scott Woods,Brittany Ayers
Heather Cuevas,Laurie Hall
James Ramirez,Renee Taylor
Edward Sharp,Alex Martinez
Katherine Day,Christina Torres
Brian Lopez,Patrick Evans
Gregory Morales,Tyler Hall
Ian Campbell,James Sanchez
Melissa Graham,Katherine Davis
Jesus Johnson,Aaron Bailey
George Graham,Michael Douglas
Rebecca Hays,Marc Combs
Courtney Parks,Jason Kaiser
Dylan Savage,Peggy Chang
Jessica Campos,Dakota Morris
Wendy Singh,Justin French
Jennifer Rios,John Santos
Jason Levine,Pamela Elliott
Norma Ward,Judy Thompson
Brian Hale MD,Mr. Phillip Green
Shannon Love,Wanda Shaffer
William Townsend,Harry Bartlett
Renee Taylor,Alexander Ross
Melissa Gay,Nancy Johnson
Ms. Jessica Smith,Benjamin Richardson
Randy Ayers,Joshua Mendoza
Sarah Vasquez,Bryan Fox
Jessica Dixon,Alexandra Watts
Andrew Park,Dawn Johnson
Dawn Thompson,Cynthia Fuller
Troy Collins,Lisa Green
Jacob Smith,Daniel Nolan
Alejandra Davis,Daniel Patterson
Jody Todd,Michelle Williamson
Rodney Phillips,Dr. Stacey Young
Jeffrey Anderson,Vicki Kennedy
Susan Singh,Angela Smith
Brian Bowers,Barbara Moody
Jorge Patterson,Keith Duke
Anna Sexton,Mr. William Jones
Robert Jacobs,Kerry Stewart
Andrew Taylor,Susan Donaldson
Ryan Cox,Brittany Martin
Reginald Hopkins,Michael Madden DDS
Emily Rodgers,Lacey Brown
Yvonne Downs,James Meyer
David Davies,James Kim
Maria Mcdonald,Jill Miller
Kristen Turner,Melissa Burnett
Nicholas Miller Jr.,Christopher Willis
Michael Ryan,Kenneth Allison
Catherine Little,Jacob Wilson
Brian Martinez,Thomas Stafford
Stacy Tate,Patrick Bradley
Monica Chapman,Anne Graham
John Norman DDS,Cody Keller
Catherine Liu,Kayla Davis
Zachary Chambers,Steven Mcdowell
Steve Landry,Andrea Mccoy
Brittany Cunningham,Matthew Sheppard
Michael Bird,Robert Arias
Patricia Carr,Ana Brewer
Kenneth Turner,Heather Ray
Linda Francis,Benjamin Jenkins
Christopher Harvey,Darryl Tucker
Douglas Moyer,Amy Pugh
Darryl Mcdonald,Ashley Juarez
Kenneth Russell,Mary Powers
Jose Rice,Brian Jones
Jacqueline Schultz,James Keller
Monica Powell,Jerry Ramirez
Brandon Solis,Keith Page
Mitchell Davenport,Brittney Peters
Luke Clark,Connie Anderson
Nancy May,Kristina Lara
Ms. April Phillips,Mr. Sean Morris
Jessica Garrett,Rachel Williams
Erin Harrison,Julie Barber
Janice Grimes,John Ware
Robert Ward,Cody Davis
Brett Martinez,Samantha Pope
Keith Brennan,Nicholas Hudson
Michael Bates,Mr. Brian Lindsey
Joseph Dominguez,Lauren Walsh
Kathleen Barrett,Justin Garza
Ryan Anderson,Christopher Franklin
Alex Carter,Ryan Davis
Matthew Berry,Larry Curry
Shannon Martin,Kimberly Thompson
Rachel Chen,Jaime Nguyen
Sonya Allen,Tyler Norris
Tammy Moody,Sandra Gonzalez
Keith Reese,Brandon Jones
Mrs. Amber Palmer,Jerry Carter
Elizabeth Aguirre,Paige Boyle
Andrea Tucker,Troy Miller
Dr. Rachel Coleman MD,Scott Washington
Mandy Bauer,Penny Stanton
Robert Nelson,Lauren Aguilar
Brian Winters,Isaiah Valdez
Maurice Decker,Tracy Edwards
Michelle Mcintosh,Jamie Patterson MD
Mark James,Chelsea Lyons
Jacob Matthews,Lisa Lloyd
Mr. Alan Willis II,Bryan Hopkins
Megan Moore,Rebecca Edwards
Samuel Greene,Kendra Wall
Lisa Dennis,David Allen
Keith Dunlap,Timothy Drake
Stacey Nguyen,Paul Cantu
David Harris,Shawn Ray
Thomas Goodwin,Jennifer Barber
Thomas Green,Andre Lopez
Wayne Jones,Amy Howard
Charles Johnson,Danielle Phillips
Randy Jones,Victoria Smith
Mrs. Misty Cuevas,Stephanie Young
Bradley Beck,Mr. Manuel Ramos
Kristin Morrow,Jason Hebert
Erika Jones,Daniel Frye
Travis Boyd,Vanessa White
Tammy Garza,Nancy Barnes
Christopher Smith,Claire Dickson
Elizabeth Graham,Michael Taylor
Brandon Washington,Laura Garner
Todd Blake,Steven Kelley
Courtney Manning,Theresa Stewart
Lisa Obrien,Lauren Jackson
Samantha Miller,Sandra Forbes
Jodi Herrera,Kim Baker
Paul Johnson,Jonathan Howard
Kristina Anderson,James Smith
Suzanne Cole,Brian Green
Timothy Jones,Anna Garcia
Jasmine Moreno,Samantha Miller
Lisa Smith,Donna Gonzales
Stephanie Hart,Michelle Neal
Paula Smith,Cynthia Mcmahon
Johnny Hicks,Jaime Powell
Logan Tran,Charles Phillips
Linda Bowman,James Reed
Stephanie Garcia,Mary Meza
Renee Hunter,Yolanda Morales
William Phillips,Judith Mitchell
April Hawkins,Roberto Russell
Todd Gardner,Charles Doyle
Daniel Keith,Marilyn Shaw
Jesse Gonzalez,Luis Chaney
Joseph Bowman,Judy Robbins
Bruce Sheppard,Julie Brown
Rachel Brown,David Blair
Katherine Rhodes,Katie Hall
Christine Henry,Sean Turner
Jessica Mullins,Dillon Carson
Gerald White,Amanda Klein
Aaron Mays,Beth Ellison
Bryan Mcmillan,Donna Golden
Robert Vaughn,Stacey Ramirez
Tonya Gonzalez,John Leon
Yolanda Jones,Drew Leblanc
Thomas Bryant,Adam Freeman
Thomas Herring,Joshua Thompson
Lisa Carter,Janice Murray
Jane Ross,Stephen Khan
Bradley Duffy MD,Kathryn Phillips
Phyllis Gomez,Sierra Perez
Shelby Stewart,Noah Carroll
Scott Hernandez,David Murphy
Vickie French,Tammy Reed
Eric Doyle,Carrie Curtis
Jacqueline Leach,Laura Rodriguez
Dustin Obrien,Danielle Patterson
Aaron Vega,Sara Kelley
Michael Haley,Christopher Perry
Jessica Wilson,Cynthia Khan
Gregory Kirk,Mitchell Bass
Jennifer Anderson,Stephanie Rodriguez
Walter Miller,Amy Garcia
Sonya Byrd,Jason Schmidt
Linda Norton,Courtney Hopkins
Andrew Russell,Jessica Robbins
Jennifer Sullivan,Michael Roth
Renee Bailey,Leslie Sanchez
Anne Sosa,Kelsey White
Jeffrey Alvarez,Melissa Porter
Paula Bell,Alejandro Tran
Alvin Ward,Brian Nelson
Anthony Howard,Caitlin Mcdonald
John Estes,Kelly Shaffer
Jason Dodson,Kathleen Martin
Shawn Mcdowell,Dr. Kathryn Parker
Randall Schneider,Janice Grimes
Stacy Jones,Donna Carter
Samantha Soto,Gloria Sanchez
Abigail May,Isabel Jarvis
Richard Wilcox,Joshua Kemp
Justin Castillo,Shannon Yu
Jessica Campbell,Daniel Green
Brian Wallace,Robin Brown
Steven Sandoval,Amanda Taylor
James Martin,Jessica Wagner
John Sims,Holly Stewart
Russell May,Hayden Nelson
Sarah Patrick,Andrew Carrillo
Andrea Barton,Zachary Potts
Allison Smith,Megan Riley
Paul Wood,Nathan Moon
Daniel Johnston,Jasmine Campbell
David Craig,Marcus Burgess
Cynthia Morgan DVM,Vanessa Griffin
Bryan Chavez,Stacey Oconnell
Kimberly Martinez,Angela Scott
Joshua Thompson,Kenneth Rice
Claudia Guzman,Craig Kaiser
Rebecca Bell,Michael Dunn
Anne Nguyen,Jessica Walsh
Jessica Vasquez,Erin Davis
Tara Gay,Michael Castro Jr.
Dennis Rivera,Carl Mcbride
Devin Mills,Nicholas Harrison
Miguel Barber,Peter Morrison
Bruce Shelton,Edward Price
Elizabeth Moreno,Levi Hernandez
Monica Stanley,Eileen Garrett
Carolyn White,Seth Rodriguez
Scott White,Jamie Harris
Kathleen Flynn,Kevin Oneill
Dawn Adams,Christina Miller
Lauren Ward,Rebecca Powers
April Hall,Jennifer White
Amber Johnson,Alicia Mason
Kayla Brown,Sherry Clark
Mary Fleming,Ricky Hernandez
Jordan Johnson,Tammy Miller
Stacey Cole,Jennifer Brown
Corey Boone II,Justin Foster
Andrew Hill,Katrina Taylor
Kevin Cook,William Reed
Judith Mitchell,Michelle English
Justin Sharp,Patricia Owens
Jeremy Harris,Dr. Keith Melton
Steven Kelley,Yolanda Petersen
Gregory Ingram,Edward Calderon
Brenda Hayes,Andrew Jenkins
Judith Cruz,Pamela Pittman
Lynn Thomas,Francisco Herrera
Sara Brown,Richard Blackwell
Joshua Brooks,Karen Brown
Shelby Kelly,Carolyn Underwood
Dr. Benjamin Bullock MD,Laura Palmer
Sharon Powell,Timothy Riley
Dr. Jessica Chan,Ann Sanders
Tracey Allen,Juan Gutierrez
Nichole Johnson,Yolanda Wood
Jesse Bell,Paul Taylor
Monica Cox,Diamond Delgado
Jacqueline Mason,Shari Andrews
Jennifer Phillips,Tracy Henderson
Valerie Arnold,Martha Jimenez
Rachael Sloan,Heather Ali
Cindy Hutchinson,Bryan Francis
Phillip Wilson,Robert Perez
Stacy Tyler,Casey Clark
Marilyn Wood,Allison Gonzales
Teresa Mendoza,Melinda King
Marcus Page,Jacob Griffith
Jason Elliott,David Johnson
Christine Price,Mary Cook
Roy Robinson,Lacey Mcintosh
Chad Richardson,Kenneth Kramer
Adam Gonzales,Edward Haynes
Christian Petty,Teresa Stein
Nancy Tucker,Samantha Solis
Todd Reed,Michael Phillips
Michael Morrison,Matthew Allen
Brian Keller,Ellen Berg
Lori Smith,Jason Smith
Deborah Smith,Melissa Powell
Gabriel Perry,Nicholas Morris
Matthew Richardson,Alicia Hill
Mary Carson,Stacey Sweeney
Caroline Hopkins,Martin Fleming
Christopher Johnson,Stacy Kemp
Angela Dennis,Kristin Kim
Scott Owens,Janet Taylor
Kimberly Foster,Samuel Ford
Brittany Payne,Ryan Ballard
Gary Bowman,Amber Hansen
Eric Wilson,Michael Wang MD
Kristin Dodson,Patricia Smith
Mr. Danny White,Rebecca Logan
Kristin Caldwell,Heather Hanson
George Baird,Sarah Williams
Glenda Robinson,Andrew Elliott
Courtney Williams,Nicolas Kennedy
Donald Newton PhD,Kimberly Johnson
Jason Haas,Benjamin Jones
Tracey Carroll,Amanda Rice
Matthew Johnson,Mark Kelly
Angela Gonzalez,Kenneth Browning
Anita Wang,April Greer
Margaret Bryan,Patrick Nelson
Anthony Martinez,Heather Adams
Eric King,Eric Gallegos
Scott Hoffman,Sara King
Michelle Rosales,Peter Walls
Heidi Martinez,Laura Webb
Patricia Cameron,Johnathan Larsen
Andrew Alexander DDS,Susan Evans
Dr. Sydney Rivera DVM,Carl Cook
Matthew Malone,Kimberly Lee
Jeremy Berry,Colleen Rogers
Tyler Woodward,Jonathon Lang
Wendy Riggs,Savannah Cooper
Dana Jackson,Brian Henderson
Mark Boyd,Gloria Sutton
Susan Chan,James Stewart
Mr. Jeffrey Nichols,Danielle Hunter
Kevin Booker,Michael Griffith
Shannon Gibbs,Jean Gonzalez
Pamela Myers,Mary Romero
Kristen Bradford,Aaron Thomas
Keith Crawford,Hannah Pierce
Samantha Williams,Jennifer Salazar
Carol Murphy,Miguel Johnston
Veronica Hernandez,Jordan Allen
Hailey Moore,Brett Lopez
Brenda Richardson,Jenny Roberts
Amber Salazar DDS,Amy Ferguson
Todd Ellis,George Perez
Heather Smith,Frederick Mejia
Todd Mccarty,Michael Paul
Daniel Davidson,Dalton Peterson
Keith Murray,Erik Vega
Gina Aguilar,Cassie Mckenzie
Joshua Miller,Michael Martinez
Brian Watts,Helen Bishop
Timothy Brown,Shawn Liu
Carrie Davis,Peggy Jones
Patrick Trujillo,Marcia Diaz
Jason Thomas,Bradley Castillo
Sarah Carrillo,Tyler Sanchez
Tamara Hughes,Brenda Coleman
Teresa Hamilton,Jeffrey Golden
Kurt Richards,Mr. Timothy Weaver
Phyllis Leonard,Adam Townsend
Samuel Brown,Lisa Larson
Jessica Hopkins,Erica Lee
Elizabeth Flores,Scott Marks
Joseph Gomez,Jose Anderson
Anthony Ramos,Stephanie Jenkins
Shelly Smith,Veronica Perry
Joshua Alvarado,Tammie Mcguire
Melissa Torres,Maria Johnson
Paula James,Mary Ward
Elizabeth Gallagher,Sarah Greer
Aaron Pugh,Heather Mcdonald
Joshua Chavez,Mason Johnston
Lori Brooks,Adam Bentley
David Sanchez,Wayne Walter
Nicholas Johnson,Richard Carey
Benjamin Stark,Devon Love
Lisa Harrington,Joshua Goodman
Dominique Foster,Joseph Gallagher
Amanda Massey,Nina Clark
Linda Davis,Jennifer Roberts
Holly Martin,Brian Rodgers
Teresa Larson,Mrs. Donna Randolph
Joseph Young,Patricia Fleming
Kara Hernandez,Rebecca Conner
David Rivas,Tanya Barnes
Gregory Thompson,Christina Baker
Victor Pollard,Robert Rodgers
Wayne Howard,Andrea Bryant
Danielle Terrell,Amanda Cooper
Jessica Young,Jennifer Adams
Frank Chambers,Robin Meyer
Donna Alvarado,Christopher Thomas
Joel Price,Matthew King
Autumn King,Jasmin Delacruz
Brian Love,Eric Roach
Jeffrey Allen,Katie Davis
Kristen Zavala,Kevin Green
Geoffrey Clark,Yesenia Forbes
Lindsey Griffin,Charles Pearson
Evelyn Kelley,Gregory Stewart
Richard Carey,Alicia Richardson
Elijah Edwards,Jennifer Tate
Julia Diaz,Ethan Kelly
Robert Davis,Renee Hamilton
Alan Huffman,Vickie Davis
Teresa Harris,Rachel Daniels
Vanessa Harding,Derek Callahan
Jose Petersen,Kendra Weber
Julie Hudson,Amy Beard
Karen Smith,Leslie Snyder
Lindsay Martinez,Cody Fisher
Daniel Phillips,Dylan Riley DDS
Tiffany Bailey DDS,Mrs. Angelica Foster
Michael Johnson,Tina Wiley
Aaron Oconnor,Terry Madden
Scott Patton,Kimberly Davis MD
John Brown,William Anderson
Dr. Christine Stephens,Sara Black
Kristina Santos,Mrs. Elizabeth Barnes
Jonathan Contreras,Jason Williams
Jessica Terry,Alexis Chapman
Hannah Patterson,Kaitlyn Phillips
Charles Cardenas,Michael Ryan
Jeffery Gutierrez,Joel Bautista
Sharon Parker,Michael Pineda
Nathan Jackson DDS,Helen Newman
Stephanie Torres,Mike Lopez
Kimberly Sutton,James Rodriguez
Melissa Nguyen,Erika Rogers
Gina Hall,Julian Miller
Brendan Williamson,Alan Baker
Brandon Campbell,Michael Morrison
Victoria Valdez,John Ross
Lisa Peterson,Teresa Miller
Paul Curtis,Ruth Watkins
Melissa Floyd,Kimberly Spencer
Tonya Clark,Jacob Chambers
Mariah Russell,Robert Reeves
Derek Wang,Mitchell Lawson
Nathan Buchanan,Luis Anderson
Brittany Berry,Curtis Hall
Matthew Foster,Brendan Warner
Daniel Davis,Marie House
Carolyn Hanson,Christina Berry DDS
Richard Little,Alexandra Mayer
Shawn Hayes,Stephanie Woods
Samuel Jordan,Madison Davis
Theresa Wells,Charles Skinner
Gregory Yu,Christine Henry
Steven Cochran,Miss Cassandra Cox
Amanda Dominguez,Bryan Gregory
Wayne Hunter,Stephanie Brown
Jeanne Bradley,Carrie Adkins
Lisa Robinson,Pamela Hall
Amanda Wagner,Gabriel Kerr
Daniel Welch,Douglas Walker
Andrea White,Christopher Miller
Mariah Grant,Patrick Murphy
Shawn Jenkins,Matthew Garcia
Jaime Nguyen,Jose Yoder
Jesse Harrison,Brenda Parks
Marc Mullins,Robert Collins
Tara Rodriguez,Matthew Bautista
Luis Martin,Alexis Archer
Steven Rojas,Nicholas Baldwin
Kenneth Gaines,Wendy Ochoa
Daniel Green DVM,Amber Salazar DDS
Teresa Carter,Jessica Hill
Christina Diaz,Leslie Edwards
Kristina Vega,Brian Wilson
Chad Walker,Leslie Gonzalez
Lisa Mccall,Kathryn Mcgee
Kayla Case,Emily Burke
Christy Richardson,Trevor Taylor
Kaitlyn Phillips,John Salinas
Mark Campos,Roy Santiago
Melanie Turner,Patrick Lam
Kayla Gonzalez,Mercedes Meyer
Joseph Herrera,Regina Roberts
Lori Bond,John Martinez
Christopher Chang,Dawn Cowan
Ashley Perez DDS,Elizabeth Powers MD
Kelly Rollins,Robert Williams
Michael Burnett,Samantha Williams
Sarah Smith,Caitlin Johnston
Timothy Wells,Christina Harris
Jesse Williams,David Sutton
Erica Murphy,Hannah Hawkins
Bruce Graham,Mr. Danny White
Lauren Walsh,Justin Garcia
Tonya Dominguez,Lisa Ware
Maria Greene,David Wilson
Heather Adams,Kenneth Cohen
David Meyers,Shannon Acosta
Travis Little,Cynthia Frank
Michael Schmidt,Brittany Davis
William Castillo,Natalie Massey
Thomas Moore,Stacey Thomas
Kyle Rogers PhD,Robert Guzman
Carolyn Shaw,Brandy Ryan
Bradley Harvey,Michelle Ford
James Sanchez,Julia Hodge
Carolyn Robinson,Lance Vaughn
Adam Miller MD,Melissa Thomas
Adam Miller,Brittany Scott
Dr. Steven Ward,Leslie Black
Tracy Edwards,Karen Young
Molly Reynolds,Roger Phillips
Ronnie Evans,Anthony Krueger
Nicholas Welch,Audrey Horton
Carl Cook,Riley Gardner
Danielle Bridges,Michael Deleon
Elizabeth Jones,Charles Green
Darrell Chen,Kristen Barnes
Matthew Holland,April Sanford
Edward Pope,Carl Wong
Katie Fischer,Connor Conner
Marissa White,Tonya Meyers
Stephen Chandler,Michelle Moore
Brianna Hardin,Rebecca Klein
Arthur Gomez,Dennis Vaughan
Jay Stokes,Andrew Cunningham
Richard Moore,Maria Price
Jade Alexander,John Ferguson
Alyssa Mccarthy,Yvonne Garcia
Dawn Costa,Gina Aguilar
Oscar Bailey,Emily Crawford DVM
Mark Campbell,Andrew Burke
Christine Hardin,Elizabeth May
Benjamin Harris,Tamara Lucas
Joel Grant,Cassie Gillespie
Casey Hernandez,Courtney Smith
Brian Jordan,Gregory Lawrence
Jonathan Smith,Robert Reed
Eric Gonzalez,Mary Estes
Eduardo Ramsey,Samantha Conner
Gordon Duarte,Jay Johnson
Logan Bryant,Jason Reyes
Aaron Ray,Ronald Ellis
Charles Smith,Robert Nelson
Martin Davis,Natalie Weaver
Tyler Davis,Emily Bishop
Erik Hancock,Corey Ruiz
Haley Douglas,Olivia Peterson
Daniel Green,Amy Brooks
Jessica Meyer,Diane Wolfe
Kimberly Benitez,Jessica Thomas
Alejandro Merritt,Willie Benson
Donald Jackson,Katie Casey
Willie Coleman,Austin Hughes
Patricia Francis,Michelle Williams
Tamara Morrow,Joseph Reeves
James Brown,Jessica Ingram
Tina Gonzalez,Samantha Black
Rebecca Ramsey,Felicia Harris
Shawn Jackson,Rodney Evans
Helen Simpson,Rachel Chen
Charles Blankenship,Brandi Jimenez DDS
Amy Casey,Barry Hudson
Sandra Hancock,Rebecca Hall
Nicholas Vega,Daniel Grant
Robert Chambers,Tammy Kennedy
Caroline Johnson,Kristin Mcdowell
John Wood,Marilyn Schwartz
Jimmy Miller,Amy Gallagher
Eric Avila,Whitney Reilly
Jennifer Miller,Renee Torres
Jeff Randall,Brian Jackson MD
Blake Zimmerman,Jermaine Hartman
Tami Simmons,Wendy Rogers
Alexis Warren,Samuel Nelson
Timothy Gonzalez,James Tucker
